time(s),position(pixel)
0.0072,16
0.0115,36
0.0132,26
0.0146,26
0.0165,26
0.0185,28
0.0205,28
0.0226,24
0.0246,24
0.0265,24
0.0285,24
0.0305,24
0.0325,26
0.0345,26
0.0365,26
0.0387,28
0.0406,28
0.0425,28
0.0445,24
0.0465,24
0.0485,26
0.0505,26
0.0525,26
0.0546,28
0.0565,28
0.0585,28
0.0605,28
0.0625,28
0.0645,24
0.0665,24
0.0685,26
0.0705,26
0.0727,28
0.0745,28
0.0765,28
0.0785,30
0.0805,30
0.0825,30
0.0845,26
0.0865,26
0.0887,28
0.0905,28
0.0925,28
0.0945,28
0.0965,28
0.0985,30
0.1005,30
0.1026,30
0.1046,20
0.1065,20
0.1085,28
0.1105,28
0.1125,28
0.1145,24
0.1165,24
0.1186,30
0.1205,30
0.1225,30
0.1245,26
0.1265,26
0.1285,22
0.1305,22
0.1325,22
0.1346,24
0.1365,24
0.1386,26
0.1405,26
0.1425,26
0.1445,22
0.1465,22
0.1485,30
0.1505,30
0.1525,30
0.1545,24
0.1565,24
0.1585,26
0.1605,26
0.1625,26
0.1645,22
0.1665,22
0.1685,24
0.1705,24
0.1725,24
0.1745,26
0.1763,26
0.1782,26
0.1802,28
0.1822,28
0.1842,24
0.1862,24
0.1884,24
0.1902,24
0.1922,24
0.1942,26
0.1963,26
0.1982,26
0.2002,28
0.2022,28
0.2042,24
0.2062,24
0.2082,24
0.2102,26
0.2123,26
0.2142,26
0.2162,26
0.2182,26
0.2202,28
0.2225,28
0.2242,24
0.2262,24
0.2283,24
0.2302,26
0.2322,26
0.2342,28
0.2362,28
0.2384,28
0.2402,30
0.2422,30
0.2442,26
0.2462,26
0.2482,26
0.2502,26
0.2522,26
0.2542,28
0.2564,28
0.2582,28
0.2603,30
0.2622,30
0.2642,26
0.2662,26
0.2682,26
0.2702,28
0.2725,28
0.2743,24
0.2762,24
0.2782,24
0.2802,24
0.2822,24
0.2842,26
0.2862,26
0.2884,26
0.2903,28
0.2922,28
0.2942,24
0.2962,24
0.2982,24
0.3002,26
0.3022,26
0.3042,22
0.3065,22
0.3084,22
0.3102,28
0.3123,28
0.3142,28
0.3162,24
0.3183,24
0.3202,26
0.323,26
0.3249,22
0.327,22
0.3289,22
0.3308,24
0.3329,24
0.3348,26
0.3369,26
0.3391,26
0.3411,26
0.343,26
0.3449,22
0.347,22
0.349,22
0.3509,24
0.353,24
0.3553,26
0.3575,26
0.3582,26
0.3602,28
0.3624,28
0.3645,28
0.3664,24
0.3687,24
0.3707,26
0.3732,26
0.3752,26
0.3772,26
0.3791,26
0.3812,28
0.3818,28
0.3841,28
0.3861,24
0.3884,24
0.3905,26
0.3927,26
0.3947,26
0.3968,28
0.399,28
0.3998,28
0.4019,30
0.4042,30
0.4066,24
0.4089,24
0.4111,26
0.4118,26
0.414,26
0.4162,22
0.4185,22
0.4206,30
0.4233,30
0.424,30
0.4262,26
0.4287,26
0.4311,28
0.4317,28
0.4341,28
0.4363,22
0.4391,22
0.4398,22
0.4421,24
0.4446,24
0.447,20
0.4494,20
0.4501,20
0.4523,28
0.4549,28
0.4574,24
0.458,24
0.4606,26
0.4632,26
0.4639,26
0.4663,22
0.4688,22
0.4712,28
0.4721,28
0.4747,28
0.4772,24
0.478,24
0.4807,26
0.4834,26
0.484,26
0.4866,22
0.4896,22
0.4903,22
0.4929,24
0.4958,26
0.4986,26
0.5012,26
0.5019,26
0.5045,26
0.5073,22
0.5079,22
0.5108,24
0.5136,24
0.5142,24
0.5168,26
0.5197,26
0.5203,26
0.5232,28
0.5239,28
0.5268,24
0.5298,24
0.5324,24
0.535,24
0.5357,24
0.5386,26
0.5418,28
0.5448,28
0.5477,24
0.5483,24
0.5513,26
0.552,26
0.5552,26
0.556,28
0.5591,28
0.5598,28
0.5627,28
0.5655,28
0.5661,24
0.5692,24
0.5699,24
0.5731,26
0.5738,26
0.5768,22
0.58,22
0.583,30
0.5837,30
0.5869,26
0.5905,26
0.5936,26
0.5942,26
0.5973,22
0.5979,22
0.6012,22
0.6018,30
0.6054,30
0.6061,20
0.6094,20
0.6101,20
0.6132,28
0.6138,28
0.6172,24
0.6179,24
0.6226,26
0.6262,20
0.6299,20
0.6333,22
0.6341,22
0.6379,24
0.6417,26
0.6454,26
0.646,26
0.6495,22
0.6502,22
0.654,24
0.658,24
0.6615,24
0.6621,26
0.666,26
0.6696,22
0.6703,22
0.6743,24
0.6781,26
0.682,28
0.6859,28
0.6898,22
0.6938,24
0.6978,26
0.7018,28
0.7062,28
0.7099,24
0.7139,26
0.7178,26
0.7218,26
0.7225,28
0.7264,28
0.7304,24
0.7343,26
0.7387,22
0.7428,30
0.7471,20
0.7477,20
0.7518,20
0.756,26
0.7604,22
0.7648,30
0.769,20
0.7697,20
0.7743,28
0.7788,24
0.7832,24
0.7839,24
0.7884,20
0.7929,28
0.7976,24
0.7983,24
0.8028,32
0.8078,22
0.8129,28
0.8179,24
0.8235,26
0.8242,26
0.8289,22
0.8337,24
0.8394,26
0.84,26
0.8452,26
0.8459,26
0.8508,22
0.8563,24
0.8612,26
0.8619,26
0.8667,28
0.8719,24
0.8726,24
0.8775,24
0.8781,26
0.8829,26
0.888,28
0.893,26
0.8937,26
0.8985,22
0.9036,28
0.9043,28
0.9094,18
0.91,18
0.915,26
0.9158,26
0.9208,22
0.9262,30
0.9314,26
0.932,26
0.9372,26
0.9382,26
0.9433,22
0.9439,30
0.9494,20
0.9501,20
0.9558,28
0.9613,24
0.9621,24
0.9676,26
0.9683,26
0.9744,22
0.9803,24
0.9859,26
0.9918,22
0.9976,24
0.9983,24
1.004,26
1.01,22
1.0157,24
1.0163,24
1.0222,26
1.0279,28
1.0337,24
1.0344,24
1.0405,26
1.0463,28
1.0522,24
1.0582,26
1.0642,28
1.07,24
1.0762,26
1.0821,22
1.0885,30
1.0947,26
1.1008,22
1.1071,30
1.1077,30
1.1139,20
1.12,24
1.1264,24
1.1325,20
1.1391,28
1.1398,24
1.1465,26
1.1528,22
1.1594,22
1.1601,24
1.1673,26
1.168,26
1.1746,22
1.181,26
1.1817,26
1.1879,26
1.194,22
1.2003,20
1.2066,28
1.2131,24
1.2138,24
1.22,26
1.2263,28
1.2328,24
1.2394,26
1.2401,26
1.2468,30
1.253,20
1.2537,20
1.2605,22
1.2669,24
1.2735,26
1.2742,26
1.2806,22
1.287,24
1.2877,24
1.2945,20
1.301,24
1.3017,24
1.3084,26
1.3148,22
1.3216,24
1.3223,24
1.3287,26
1.3351,22
1.3357,22
1.3422,26
1.3485,26
1.3542,22
1.3607,24
1.3669,28
1.3735,24
1.3742,24
1.3805,24
1.3867,28
1.3935,24
1.3942,24
1.4007,26
1.408,28
1.4087,28
1.4152,24
1.4229,22
1.4294,30
1.43,30
1.437,26
1.4439,22
1.4446,22
1.4517,20
1.4523,20
1.4595,28
1.4602,28
1.4673,24
1.468,24
1.4751,20
1.4826,24
1.4902,26
1.4975,24
1.4981,24
1.5059,24
1.5065,24
1.5135,22
1.5141,22
1.5216,24
1.5223,26
1.5297,28
1.5303,28
1.5377,24
1.5385,24
1.5461,20
1.5533,24
1.554,24
1.5614,26
1.5621,26
1.5693,28
1.5768,24
1.5841,22
1.5916,30
1.5922,30
1.5995,26
1.6001,26
1.6077,30
1.6084,30
1.6158,20
1.6165,20
1.6244,24
1.632,24
1.6397,22
1.6404,22
1.6483,26
1.6565,22
1.6645,24
1.6729,22
1.6805,24
1.6883,26
1.696,22
1.7038,20
1.7045,20
1.7122,28
1.7201,24
1.7279,26
1.7287,28
1.7367,18
1.7453,22
1.753,28
1.7538,18
1.7624,26
1.7708,24
1.7795,26
1.7802,26
1.7886,22
1.7971,20
1.7978,20
1.8063,24
1.8147,20
1.8233,22
1.8239,22
1.832,26
1.841,24
1.8417,24
1.8499,26
1.8586,22
1.867,26
1.8677,26
1.8762,22
1.8848,26
1.8934,28
1.8941,28
1.9027,26
1.9113,28
1.912,28
1.9206,26
1.9294,22
1.9301,30
1.9386,20
1.9474,22
1.9481,22
1.957,20
1.9577,20
1.9665,24
1.9755,20
1.9843,22
1.9931,26
1.9938,26
2.0025,18
2.0118,14
2.0203,12
2.0288,2
2.0295,2
2.038,12
2.0466,14
2.0558,12
2.0642,14
2.0728,22
2.0735,22
2.0818,38
2.0907,16
2.0991,18
2.0998,18
2.1086,16
2.117,8
2.1177,8
2.1264,12
2.1349,2
2.1355,2
2.1443,22
2.1529,14
2.1535,14
2.162,12
2.1706,18
2.1794,0
2.1802,0
2.1889,14
2.1895,14
2.1981,16
2.2067,14
2.2152,16
2.2158,16
2.2243,14
2.2325,2
2.2407,6
2.2489,16
2.2496,16
2.2573,12
2.2581,12
2.266,14
2.274,2
2.282,22
2.2904,16
2.2982,8
2.3063,10
2.3141,2
2.3223,22
2.33,18
2.3379,10
2.346,12
2.3539,2
2.362,10
2.37,14
2.3779,12
2.3858,12
2.3937,2
2.4018,12
2.4098,16
2.4177,16
2.4257,14
2.4333,2
2.434,2
2.4419,14
2.4498,16
2.4578,12
2.4655,16
2.4662,16
2.4741,2
2.482,14
2.4901,18
2.4979,14
2.5063,12
2.514,2
2.5218,16
2.53,14
2.5375,16
2.5455,12
2.5461,12
2.5539,2
2.562,24
2.5698,14
2.5779,16
2.5857,14
2.5936,22
2.6013,14
2.602,14
2.6099,16
2.6176,12
2.6256,16
2.6335,16
2.6342,2
2.6421,14
2.65,18
2.6579,14
2.6657,10
2.6738,18
2.6817,10
2.6898,14
2.6977,14
2.7057,12
2.7137,20
2.7215,6
2.7222,6
2.7301,14
2.7382,16
2.7462,14
2.754,22
2.7621,6
2.7701,20
2.7783,18
2.7861,16
2.7943,16
2.8023,8
2.8111,18
2.8118,18
2.8202,14
2.8293,10
2.83,10
2.8383,2
2.8464,22
2.8549,18
2.8556,18
2.8637,10
2.872,20
2.8802,68
2.8886,24
2.8968,16
2.8975,16
2.9058,12
2.9142,16
2.9148,16
2.9234,0
2.9318,16
2.9324,16
2.9408,18
2.9492,14
2.9575,64
2.9582,64
2.9667,22
2.9754,18
2.9841,8
2.9847,8
2.9934,18
3.0018,4
3.0024,4
3.0111,22
3.0196,14
3.0203,14
3.029,12
3.0377,62
3.0385,62
3.0473,24
3.0562,14
3.0569,14
3.0655,12
3.0662,12
3.0751,14
3.0838,0
3.0846,0
3.0936,16
3.0942,16
3.1033,12
3.1121,14
3.1128,16
3.1216,64
3.1223,64
3.1309,20
3.1397,12
3.1404,12
3.1492,10
3.1499,10
3.1589,66
3.1685,22
3.1777,18
3.1784,14
3.188,12
3.1975,18
3.1982,18
3.208,0
3.2174,14
3.2181,14
3.228,12
3.2376,14
3.2386,14
3.2485,0
3.2585,16
3.2687,14
3.2785,16
3.2885,0
3.2983,16
3.3084,8
3.3182,18
3.3284,0
3.3385,18
3.3484,10
3.3584,18
3.3684,0
3.3787,14
3.389,10
3.3897,12
3.3996,14
3.4004,56
3.4116,20
3.4122,20
3.4236,16
3.4243,16
3.4357,16
3.4364,16
3.4474,2
3.4481,2
3.4595,16
3.4602,12
3.4717,16
3.4724,16
3.4838,60
3.4953,18
3.4959,18
3.5076,10
3.5083,10
3.5198,18
3.5205,18
3.5322,24
3.5444,14
3.5565,14
3.568,0
3.58,14
3.5921,14
3.6038,64
3.6157,20
3.6163,16
3.6285,14
3.6407,16
3.6526,22
3.6643,14
3.6763,10
3.6886,0
3.7005,18
3.7126,12
3.7245,62
3.7363,24
3.7488,12
3.7612,14
3.773,20
3.785,18
3.797,14
3.8092,0
3.8213,18
3.8381,12
3.8389,12
3.8558,22
3.8564,22
3.8732,12
3.8901,0
3.8909,0
3.9075,16
3.9081,12
3.9247,58
3.9418,16
3.9425,16
3.9596,16
3.9603,16
3.9771,20
3.9778,20
3.9961,10
4.0134,10
4.014,10
4.0307,10
4.0475,10
4.0482,10
4.0648,10
4.0813,10
4.082,10
4.0985,10
4.101,32
4.1186,26
4.136,24
4.1532,26
4.1539,26
4.1708,24
4.1876,24
4.2044,24
4.2211,24
4.2219,24
4.2385,24
4.2551,22
4.2721,24
4.2891,28
4.306,22
4.3068,22
4.3237,22
4.3244,22
4.3409,22
4.3575,20
4.3581,22
4.3748,22
4.3913,26
4.3919,26
4.4086,26
4.4253,26
4.4259,26
4.4425,24
4.4591,26
4.4758,18
4.4764,18
4.4929,24
4.5102,24
4.5108,24
4.5272,24
4.5442,24
4.5449,24
4.5618,24
4.5625,24
4.5794,24
4.5963,22
4.597,22
4.6139,28
4.6146,24
4.6314,28
4.6486,22
4.6494,22
4.6668,22
4.6842,22
4.6849,22
4.702,22
4.7027,22
4.7197,22
4.7368,22
4.7535,26
4.7711,28
4.7882,26
4.7889,26
4.8065,22
4.8072,22
4.8245,26
4.8252,26
4.8418,22
4.8425,22
4.8586,20
4.875,26
4.8914,24
4.908,24
4.9087,24
4.925,24
4.9412,24
4.9574,24
4.9738,28
4.9745,28
4.9909,22
5.0077,22
5.0239,22
5.0247,22
5.0408,20
5.0573,26
5.0738,26
5.0745,26
5.0908,26
5.1064,24
5.1071,24
5.124,26
5.1248,26
5.1409,24
5.1566,24
5.1724,22
5.1731,22
5.1887,24
5.205,22
5.2208,22
5.2361,26
5.2367,26
5.2523,26
5.253,26
5.2683,24
5.2689,24
5.2842,24
5.2849,24
5.3,24
5.3007,24
5.3153,28
5.3303,22
5.3309,22
5.3456,22
5.3607,20
5.3758,26
5.3765,26
5.3915,24
5.4067,24
5.4228,22
5.4375,28
5.4525,26
5.4531,26
5.4681,26
5.4687,26
5.4834,24
5.4981,24
5.4988,24
5.5131,22
5.5275,22
5.5415,20
5.5559,24
5.5565,26
5.5706,22
5.5849,22
5.5991,26
5.6139,20
5.6145,20
5.6294,24
5.6444,24
5.6588,28
5.6735,22
5.6742,22
5.6886,22
5.7026,20
5.7175,26
5.7181,26
5.7328,24
5.7478,24
5.7485,24
5.763,22
5.7786,28
5.7935,26
5.7941,26
5.8086,26
5.823,24
5.8378,22
5.8388,24
5.8531,22
5.8538,22
5.8679,20
5.8825,24
5.8972,24
5.8979,24
5.9122,24
5.9265,22
5.9408,26
5.9553,20
5.9561,20
5.9703,26
5.9844,24
6.0001,24
6.0158,22
6.03,22
6.0451,20
6.0457,20
6.0607,20
6.0761,36
6.0915,12
6.0922,12
6.1075,16
6.1082,16
6.1236,10
6.1243,10
6.1396,32
6.1403,10
6.1551,14
6.1558,32
6.1733,14
6.1739,14
6.1898,20
6.2051,6
6.2058,20
6.2216,8
6.2223,8
6.2386,36
6.2548,12
6.2716,12
6.2723,12
6.2887,22
6.3052,4
6.3061,18
6.3244,6
6.3416,6
6.3423,6
6.3591,34
6.3597,34
6.3771,34
6.3777,34
6.3948,10
6.4129,12
6.4137,12
6.4327,12
6.4512,22
6.4519,22
6.4708,24
6.4898,24
6.5066,6
6.526,6
6.5449,8
6.564,8
6.5825,36
6.6018,36
6.6213,32
6.622,32
6.6413,38
6.6419,38
6.6609,32
6.6616,32
6.6771,14
6.6778,14
6.6935,26
6.6942,16
6.7101,20
6.7259,8
6.7417,36
6.7578,12
6.7724,22
6.7868,4
6.8014,38
6.802,38
6.8154,14
6.8161,14
6.8329,24
6.8336,24
6.8468,6
6.8605,34
6.8744,20
6.8893,8
6.8899,8
6.9044,36
6.919,12
6.9197,12
6.9347,22
6.9495,4
6.9501,4
6.9651,38
6.9658,4
6.9816,38
6.9974,14
6.9981,14
7.0143,18
7.0149,18
7.0312,26
7.0475,6
7.0639,36
7.0647,36
7.0812,10
7.098,12
7.0987,12
7.1151,22
7.1317,4
7.1323,22
7.149,4
7.1666,32
7.1837,40
7.1843,40
7.2016,14
7.2022,34
7.2194,10
7.2201,10
7.2377,10
7.2385,10
7.2554,22
7.2561,22
7.2735,22
7.2742,22
7.2912,4
7.2919,4
7.3089,4
7.327,38
7.3443,38
7.3616,8
7.3623,8
7.3818,10
7.3824,10
7.4022,10
7.4206,10
7.4384,22
7.4561,22
7.4735,4
7.4741,24
7.4917,4
7.4924,4
7.5102,6
7.5278,40
7.5285,40
7.5467,40
7.5654,34
7.5661,34
7.5838,10
7.6019,12
7.6199,12
7.6377,22
7.6384,22
7.6567,24
7.6745,6
7.6922,6
7.7098,34
7.7284,34
7.7468,36
7.765,12
7.7839,12
7.7847,12
7.8028,12
7.8217,14
7.8225,14
7.8409,24
7.8592,24
7.8599,24
7.8778,26
7.8786,26
7.8968,20
7.915,2
7.9331,2
7.9338,2
7.9515,36
7.9522,4
7.9713,38
7.972,38
7.9911,38
7.9918,38
8.011,32
8.0298,40
8.0304,40
8.0493,34
8.05,34
8.0684,34
8.0887,10
8.1077,10
8.1084,10
8.1269,10
8.1466,10
8.1659,10
8.1669,10
8.1849,10
8.2033,10
8.2061,10
8.2245,22
8.2432,22
8.244,22
8.2617,22
8.2623,22
8.2804,24
8.2984,28
8.3164,24
8.3343,22
8.3523,22
8.3704,24
8.3889,22
8.3896,22
8.4075,24
8.4258,24
8.4476,24
8.4484,24
8.466,26
8.4842,18
8.5015,20
8.5186,24
8.5359,24
8.5528,24
8.5698,22
8.5705,22
8.5878,24
8.5886,24
8.6056,22
8.6063,22
8.6229,24
8.6399,28
8.6406,28
8.657,24
8.6745,22
8.6909,28
8.7072,20
8.7079,22
8.7249,22
8.7409,26
8.758,26
8.7748,26
8.792,24
8.8083,26
8.8246,18
8.8414,24
8.8421,24
8.8582,22
8.8588,24
8.8747,24
8.8904,22
8.8911,22
8.9073,22
8.9232,26
8.939,28
8.9554,26
8.971,26
8.987,18
9.0026,24
9.0186,22
9.0347,24
9.0509,22
9.0675,22
9.0835,26
9.0993,26
9.1149,24
9.1309,24
9.147,24
9.1625,24
9.1787,22
9.1948,22
9.2102,20
9.2109,22
9.2267,20
9.2426,26
9.259,24
9.2752,24
9.2914,24
9.3074,18
9.3241,22
9.325,22
9.3408,22
9.3568,22
9.3729,22
9.3892,20
9.4051,26
9.4217,24
9.4225,26
9.4385,26
9.455,24
9.4699,24
9.4706,24
9.487,28
9.5042,24
9.5052,24
9.5213,22
9.5374,22
9.5538,22
9.5545,22
9.5693,22
9.5853,26
9.6013,24
9.616,24
9.6166,24
9.6327,18
9.6491,24
9.6649,22
9.6816,22
9.6976,20
9.7138,20
9.7145,22
9.7314,20
9.7321,20
9.7488,26
9.7653,26
9.7814,26
9.7821,26
9.7981,24
9.7988,24
9.8155,26
9.8161,26
9.8324,18
9.8498,24
9.8506,20
9.8668,24
9.8823,24
9.898,22
9.8987,22
9.9147,22
9.93,26
9.9306,26
9.9465,26
9.9623,20
9.9788,24
9.9945,24
10.0102,22
10.0259,22
10.0411,22
10.0418,22
10.0571,22
10.0577,22
10.0733,20
10.074,20
10.0904,26
10.1064,24
10.1226,20
10.1387,24
10.155,24
10.1557,24
10.1718,22
10.1886,24
10.205,16
10.2057,16
10.2225,16
10.2382,34
10.2548,16
10.2706,14
10.2878,32
10.3046,20
10.3222,14
10.3396,14
10.3402,14
10.3576,0
10.3584,0
10.3754,8
10.3761,8
10.3927,18
10.41,14
10.4271,2
10.4277,2
10.445,30
10.4457,30
10.4636,12
10.4642,12
10.4823,14
10.5004,8
10.5189,18
10.5196,18
10.5376,14
10.5383,14
10.5563,14
10.5743,14
10.5921,2
10.6104,14
10.6285,8
10.6461,14
10.6635,14
10.6642,14
10.6818,14
10.6991,14
10.6997,14
10.7175,14
10.7181,14
10.7359,14
10.7538,8
10.7717,14
10.7725,14
10.7899,14
10.8078,14
10.8084,14
10.8259,14
10.8265,14
10.8437,14
10.8611,12
10.8785,36
10.8956,12
10.9133,2
10.9313,18
10.9493,14
10.9671,12
10.9851,12
11.0029,36
11.0217,12
11.0225,12
11.0417,30
11.0424,30
11.0616,8
11.0623,8
11.0818,38
11.0825,38
11.1019,10
11.1027,10
11.1222,40
11.1229,40
11.1422,12
11.1429,12
11.1628,40
11.1822,12
11.1828,12
11.2027,42
11.222,8
11.2227,8
11.2424,44
11.2627,10
11.2829,40
11.3037,10
11.3044,10
11.3255,14
11.3261,14
11.3463,8
11.3664,14
11.3867,10
11.4071,10
11.4271,10
11.4469,12
11.4671,12
11.4867,12
11.5065,14
11.5262,42
11.5461,14
11.5659,38
11.5667,38
11.5866,8
11.6073,12
11.6079,12
11.6283,12
11.6485,12
11.6687,14
11.689,14
11.7093,8
11.71,8
11.7308,16
11.7512,10
11.7519,10
11.7716,10
11.7724,10
11.7919,12
11.7926,12
11.8124,12
11.8319,12
11.8512,14
11.8519,14
11.872,8
11.8922,14
11.9124,10
11.9325,10
11.9522,12
11.9717,12
11.9725,12
11.9913,12
11.9919,12
12.0108,14
12.029,12
12.0472,36
12.0654,8
12.0661,8
12.085,2
12.1041,14
12.1228,2
12.1413,14
12.142,14
12.1609,2
12.1797,14
12.1804,14
12.2008,4
12.2199,4
12.2207,4
12.2394,4
12.2401,4
12.2575,4
12.2582,4
12.273,4
12.2879,4
12.2886,4
12.3035,4
12.3066,4
12.3231,18
12.3379,24
12.3385,26
12.3533,22
12.3539,24
12.3683,22
12.3828,26
12.3972,26
12.3979,26
12.4114,24
12.412,24
12.4272,24
12.4279,24
12.4413,22
12.4419,22
12.4555,22
12.4561,22
12.4691,20
12.4698,20
12.483,24
12.4837,24
12.497,24
12.4977,24
12.5106,22
12.5236,26
12.5382,24
12.5514,24
12.5521,24
12.5644,26
12.577,26
12.5777,26
12.59,24
12.6026,28
12.6159,22
12.6285,18
12.641,24
12.6416,24
12.6539,22
12.6548,22
12.6666,20
12.6786,24
12.6904,22
12.7019,26
12.7026,26
12.714,24
12.7146,24
12.7266,22
12.7378,26
12.7386,26
12.7498,24
12.7505,24
12.7617,28
12.7624,28
12.7736,26
12.7742,26
12.7852,22
12.7964,22
12.8073,20
12.8179,22
12.8186,22
12.8296,20
12.8303,20
12.8412,24
12.8519,22
12.8526,22
12.8634,26
12.8641,26
12.875,24
12.8858,26
12.8865,26
12.8972,26
12.908,22
12.9086,22
12.919,26
12.9291,24
12.9391,20
12.949,18
12.959,22
12.969,20
12.9791,22
12.9892,20
12.999,24
13.009,20
13.0188,24
13.0293,22
13.0392,24
13.049,22
13.0589,26
13.0686,22
13.0784,20
13.0885,24
13.0982,24
13.1079,28
13.1086,28
13.1185,26
13.1286,22
13.1386,20
13.1485,24
13.1588,22
13.1685,24
13.1784,22
13.1888,26
13.1991,22
13.2093,26
13.2193,24
13.2295,22
13.2302,22
13.2402,26
13.2504,22
13.2607,26
13.2708,24
13.2813,22
13.2916,18
13.2923,18
13.3024,22
13.3127,20
13.3229,22
13.3331,20
13.3434,24
13.344,24
13.3541,20
13.3549,20
13.3653,24
13.3755,22
13.3762,22
13.3864,26
13.3965,24
13.407,26
13.4173,24
13.4276,28
13.4284,28
13.4386,24
13.449,22
13.459,20
13.4692,24
13.4795,20
13.4802,20
13.4905,24
13.5006,22
13.5108,24
13.5206,22
13.5309,26
13.5413,22
13.5512,26
13.5615,24
13.5621,24
13.5729,22
13.5829,26
13.5933,24
13.6036,26
13.6042,26
13.6144,24
13.6251,22
13.6355,18
13.6361,18
13.6463,22
13.6566,20
13.6674,22
13.6681,24
13.6785,22
13.6889,24
13.699,22
13.7094,26
13.7101,26
13.7204,24
13.7308,26
13.7413,24
13.742,24
13.7523,26
13.7628,18
13.7731,22
13.7833,26
13.7839,20
13.7944,18
13.805,22
13.8155,20
13.8162,20
13.827,22
13.8374,20
13.8384,20
13.8489,24
13.8593,22
13.86,22
13.8705,26
13.8811,22
13.892,26
13.9026,24
13.9135,26
13.9141,26
13.9249,26
13.9362,24
13.9466,20
13.9571,24
13.9578,24
13.9682,22
13.9788,18
13.9893,22
13.99,24
14.0002,22
14.0107,24
14.0209,22
14.0314,26
14.042,22
14.0426,22
14.053,26
14.064,24
14.0646,24
14.0754,22
14.0859,20
14.0865,20
14.0973,22
14.1079,26
14.1085,26
14.1192,24
14.1301,22
14.1307,22
14.1414,20
14.1518,24
14.1525,24
14.1629,20
14.1737,24
14.1744,24
14.185,22
14.1956,24
14.2062,22
14.207,24
14.2174,22
14.2279,18
14.2286,18
14.2393,22
14.2498,26
14.2505,26
14.2611,22
14.272,22
14.2727,22
14.283,20
14.2938,16
14.2945,16
14.3049,8
14.3155,12
14.3263,8
14.3269,8
14.3373,14
14.3477,34
14.3484,34
14.359,14
14.3701,40
14.3707,40
14.3817,16
14.3823,16
14.3938,14
14.3945,14
14.405,12
14.4155,10
14.426,12
14.4267,12
14.437,10
14.4473,14
14.4579,10
14.4585,18
14.4686,38
14.4792,18
14.4899,40
14.4906,40
14.5011,20
14.512,40
14.5127,40
14.5236,10
14.5346,8
14.5458,10
14.5465,10
14.5576,8
14.5584,8
14.5694,36
14.5804,16
14.5919,36
14.5926,36
14.6041,12
14.6049,12
14.6153,10
14.6266,14
14.6384,10
14.6391,10
14.6493,8
14.6608,20
14.672,40
14.6727,40
14.6835,14
14.6945,34
14.7057,10
14.7063,10
14.7177,8
14.7184,8
14.73,12
14.7306,36
14.7419,16
14.7426,16
14.7545,36
14.7554,10
14.767,12
14.7797,10
14.7804,10
14.7922,38
14.7928,38
14.8046,18
14.8165,12
14.8285,14
14.8403,12
14.841,20
14.8526,40
14.8638,20
14.8644,20
14.8759,40
14.8765,8
14.8884,10
14.8998,8
14.9006,8
14.9115,12
14.9122,36
14.9232,16
14.9239,16
14.935,38
14.946,18
14.9571,10
14.968,14
14.9792,12
14.9799,12
14.9906,8
15.0018,12
15.0024,20
15.0134,40
15.0141,40
15.0258,14
15.0265,14
15.0369,34
15.0473,10
15.048,10
15.0591,8
15.0599,8
15.0705,12
15.0815,8
15.0821,8
15.0926,12
15.104,16
15.1048,16
15.1158,38
15.1165,38
15.1268,18
15.1372,38
15.1479,18
15.1486,8
15.1593,12
15.1701,8
15.1708,8
15.1817,6
15.1824,6
15.1937,34
15.1943,34
15.2054,20
15.206,20
15.217,36
15.2279,16
15.2287,10
15.24,8
15.2407,8
15.2518,12
15.2525,12
15.2636,10
15.2643,16
15.2754,38
15.2761,38
15.2873,18
15.299,10
15.3108,14
15.3228,12
15.334,8
15.3347,40
15.3465,20
15.3583,40
15.3703,10
15.3826,8
15.3949,10
15.3956,36
15.4085,22
15.4212,8
15.422,8
15.4349,12
15.4356,36
15.449,16
15.4496,16
15.463,10
15.4637,10
15.4771,38
15.4778,38
15.4916,8
15.5057,18
15.5199,40
15.5345,10
15.5495,20
15.5502,20
15.5648,8
15.5794,36
15.5801,36
15.5962,12
15.6125,12
15.6288,18
15.6452,10
15.6459,10
15.6622,12
15.6787,40
15.6958,10
15.7128,10
15.7295,14
15.7301,14
15.7469,8
15.7475,22
15.7645,8
15.7814,38
15.782,38
15.7992,38
15.7998,38
15.8167,14
15.8341,8
15.8516,20
15.869,20
15.8697,20
15.887,8
15.888,8
15.9066,8
15.9242,8
15.9415,36
15.9422,36
15.9598,38
15.9777,14
15.9955,8
15.9962,8
16.0143,18
16.0325,20
16.0505,20
16.0686,8
16.0868,8
16.1046,36
16.1235,38
16.1242,38
16.1425,38
16.1606,38
16.1785,8
16.197,10
16.1977,10
16.2161,10
16.2345,20
16.2531,22
16.2538,22
16.2721,16
16.2908,10
16.3107,10
16.3116,10
16.3297,10
16.3478,10
16.366,10
16.3839,10
16.4022,10
16.4201,10
16.4229,10
16.4409,22
16.4417,22
16.4592,22
16.4599,24
16.4778,22
16.4961,24
16.5143,22
16.5327,24
16.5513,24
16.5692,22
16.5892,18
16.6081,24
16.6088,24
16.6283,20
16.6289,20
16.6474,20
16.6668,20
16.6859,26
16.6866,22
16.7054,26
16.7247,26
16.7429,22
16.7615,20
16.7799,22
16.7986,22
16.8165,22
16.8347,22
16.853,22
16.8707,22
16.8883,22
16.906,22
16.9246,22
16.942,22
16.96,22
16.9781,20
16.9957,22
16.9964,22
17.0146,22
17.0325,22
17.0512,22
17.0519,22
17.0705,22
17.0892,22
17.0899,24
17.1086,22
17.1274,24
17.1281,24
17.1468,24
17.1652,24
17.166,24
17.1845,24
17.203,24
17.2217,26
17.2224,26
17.2411,20
17.2418,20
17.2605,20
17.279,26
17.2977,20
17.2983,20
17.317,22
17.3178,22
17.3358,20
17.3365,22
17.3553,20
17.356,20
17.3745,22
17.3932,22
17.3939,22
17.4124,22
17.4322,24
17.4513,22
17.4519,22
17.4705,24
17.4892,24
17.4899,24
17.5081,24
17.5267,24
17.545,24
17.5633,26
17.5639,26
17.5825,24
17.601,24
17.6193,26
17.62,26
17.6387,20
17.6571,20
17.6578,20
17.676,20
17.6944,20
17.7128,26
17.7313,26
17.732,26
17.7503,22
17.7689,20
17.7875,22
17.7882,22
17.8067,22
17.8251,22
17.8257,22
17.844,22
17.8622,22
17.8802,24
17.8989,22
17.9174,22
17.9355,28
17.9539,22
17.9546,22
17.9735,24
17.9916,24
18.0093,22
18.0276,24
18.0458,22
18.0465,24
18.0647,24
18.0827,24
18.1008,24
18.1187,18
18.1368,22
18.1551,24
18.1733,24
18.1739,24
18.1917,24
18.1924,24
18.2101,24
18.2281,24
18.2458,24
18.2465,24
18.2643,24
18.2821,24
18.2999,18
18.3006,18
18.3186,20
18.3371,24
18.3553,24
18.356,24
18.3738,24
18.3745,26
18.3922,24
18.4099,26
18.4106,26
18.4283,12
18.4462,20
18.4644,14
18.4824,14
18.5001,14
18.5177,12
18.5183,12
18.5362,30
18.5543,12
18.5729,2
18.592,14
18.6114,4
18.6121,4
18.6312,16
18.6507,4
18.67,16
18.6894,16
18.69,16
18.7092,16
18.7282,18
18.7475,12
18.7482,12
18.7678,18
18.7873,14
18.7881,14
18.8078,20
18.8275,14
18.8282,14
18.8479,16
18.8675,16
18.8682,16
18.8878,16
18.8885,16
18.9079,12
18.9277,10
18.9285,18
18.9481,14
18.9487,14
18.9699,20
18.9705,20
18.9898,14
18.9905,14
19.0099,22
19.0105,22
19.031,10
19.0517,16
19.0524,16
19.0733,12
19.0941,2
19.0948,2
19.1155,14
19.1162,14
19.1354,4
19.1546,14
19.1753,4
19.196,18
19.1968,18
19.2168,6
19.2369,12
19.2569,8
19.2769,14
19.297,10
19.3159,16
19.3349,14
19.354,16
19.3734,16
19.3741,16
19.3939,10
19.3946,10
19.412,18
19.4285,16
19.4453,16
19.4459,16
19.4622,34
19.4789,16
19.4967,20
19.5142,16
19.5148,16
19.5326,16
19.5498,14
19.5505,14
19.5669,14
19.5842,32
19.5848,32
19.6008,14
19.618,8
19.6188,8
19.6351,14
19.6515,12
19.6688,14
19.6847,12
19.7017,6
19.7184,16
19.7192,12
19.736,16
19.7367,16
19.7582,12
19.7588,12
19.7798,8
19.7804,8
19.8012,14
19.8221,4
19.8228,4
19.8435,16
19.8641,6
19.8647,6
19.885,18
19.9056,38
19.9261,14
19.9267,14
19.9472,32
19.9682,16
19.9689,16
19.9901,34
19.9907,34
20.0114,14
20.0325,14
20.0531,8
20.0739,16
20.0746,16
20.0957,10
20.0964,10
20.1171,12
20.1382,20
20.139,20
20.1593,14
20.18,20
20.1806,20
20.2014,16
20.2219,16
20.2226,6
20.2426,10
20.2633,8
20.2831,14
20.2838,14
20.3037,8
20.3236,16
20.3243,16
20.3442,4
20.3642,16
20.3845,6
20.405,12
20.4058,12
20.4277,8
20.447,8
20.4477,8
20.4665,8
20.4854,8
20.486,8
20.5048,8
20.5235,8
20.5241,8
20.5422,8
20.5448,8
20.5635,24
20.5641,24
20.582,18
20.5999,24
20.6176,24
20.6182,24
20.6361,24
20.6367,24
20.6547,24
20.6724,24
20.6899,24
20.6906,24
20.7077,18
20.7084,18
20.7258,24
20.7265,24
20.7411,22
20.7582,24
20.7589,24
20.773,22
20.7892,22
20.805,20
20.8213,26
20.8346,24
20.8479,22
20.8611,20
20.8745,26
20.8899,24
20.9027,22
20.9158,28
20.9165,28
20.9295,20
20.9302,20
20.9429,24
20.9557,22
20.9564,22
20.9685,20
20.9809,26
20.9927,22
21.004,26
21.0158,24
21.0165,24
21.0277,22
21.0284,22
21.0393,26
21.0401,28
21.0508,24
21.0617,22
21.0624,22
21.0734,20
21.0741,20
21.0849,18
21.0958,22
21.0965,22
21.1069,20
21.1172,22
21.1178,22
21.1277,20
21.1284,20
21.138,24
21.1477,20
21.1483,20
21.1577,24
21.1584,24
21.1677,22
21.1683,22
21.1775,24
21.1781,24
21.1872,22
21.1879,22
21.1971,26
21.1978,26
21.207,22
21.2146,18
21.2235,22
21.2242,22
21.2316,20
21.2322,20
21.2397,20
21.2404,20
21.2485,18
21.2568,22
21.2641,24
21.2714,20
21.2722,20
21.2794,22
21.2801,22
21.2871,20
21.2943,22
21.3012,24
21.3019,24
21.3091,20
21.3099,20
21.3167,24
21.324,26
21.3309,20
21.3382,24
21.3453,26
21.346,26
21.3532,24
21.3538,24
21.3611,24
21.3618,20
21.369,22
21.3763,18
21.3835,28
21.3843,28
21.3915,24
21.3922,24
21.3994,20
21.4002,20
21.4075,24
21.4081,24
21.4155,20
21.4162,20
21.4235,22
21.4242,22
21.4316,18
21.4322,20
21.4396,22
21.4403,22
21.4474,20
21.448,20
21.4554,20
21.4561,20
21.4631,24
21.47,20
21.4773,22
21.4781,24
21.4852,24
21.4858,24
21.4929,22
21.5002,24
21.5077,22
21.5083,22
21.5155,22
21.5161,22
21.5233,26
21.524,26
21.5312,22
21.5319,22
21.5394,26
21.5402,26
21.5473,26
21.548,22
21.5556,18
21.5563,18
21.5635,22
21.5642,22
21.5716,24
21.5723,24
21.5795,20
21.5802,20
21.5875,22
21.5883,18
21.5957,20
21.5963,20
21.6037,24
21.6045,24
21.6118,24
21.6125,24
21.6196,22
21.6203,22
21.6276,24
21.6282,24
21.6356,22
21.6363,22
21.6437,24
21.6444,24
21.6517,20
21.6524,20
21.6597,24
21.6604,24
21.6678,26
21.6684,26
21.6758,22
21.6765,22
21.6839,24
21.6845,26
21.6919,22
21.6997,26
21.7004,26
21.7069,20
21.7134,22
21.714,22
21.7217,26
21.7224,26
21.73,24
21.7364,24
21.7429,20
21.7504,18
21.758,20
21.7655,22
21.7661,22
21.7738,24
21.7745,24
21.781,22
21.7887,24
21.7953,22
21.796,22
21.8024,22
21.81,20
21.8164,22
21.8236,24
21.8243,24
21.8307,20
21.8372,22
21.8381,22
21.8447,24
21.8512,22
21.8519,22
21.8597,24
21.8603,24
21.8666,20
21.8734,22
21.8741,22
21.8805,26
21.8871,28
21.8946,22
21.9012,26
21.9019,26
21.9084,22
21.915,24
21.9216,22
21.9224,22
21.9295,22
21.9302,22
21.9367,20
21.944,22
21.9506,24
21.9573,20
21.958,20
21.9646,22
21.9716,20
21.9724,20
21.979,22
21.9856,24
21.9863,24
21.9932,20
21.994,20
22.0006,22
22.0074,26
22.0081,26
22.0148,22
22.0218,24
22.0225,24
22.0292,26
22.0299,26
22.0364,22
22.0432,26
22.0439,26
22.0505,20
22.0574,18
22.058,18
22.0644,26
22.0708,22
22.0774,20
22.0781,20
22.0843,20
22.0907,22
22.0969,18
22.0976,20
22.1038,22
22.1102,24
22.1163,18
22.123,22
22.1236,22
22.1297,24
22.136,20
22.1423,22
22.1487,24
22.1555,20
22.1561,20
22.1623,22
22.1686,26
22.1752,20
22.1759,20
22.1824,22
22.1893,26
22.1899,26
22.1965,22
22.2029,24
22.2095,20
22.2102,20
22.2168,22
22.2232,26
22.2298,28
22.2305,28
22.2368,22
22.2438,20
22.2445,20
22.2511,22
22.258,24
22.2587,20
22.2654,22
22.2661,22
22.2729,22
22.2795,20
22.2801,20
22.2866,22
22.2935,20
22.2942,20
22.3007,20
22.3072,22
22.3137,20
22.3144,20
22.3208,22
22.3275,24
22.3282,24
22.3347,20
22.3414,22
22.3421,22
22.3485,24
22.3559,22
22.3566,22
22.3631,22
22.3695,26
22.3702,26
22.377,22
22.3838,24
22.3846,26
22.3911,26
22.3972,22
22.4035,18
22.4041,18
22.4106,22
22.4169,24
22.4234,20
22.424,20
22.4306,22
22.4369,18
22.4432,20
22.4496,22
22.4503,24
22.4566,18
22.4629,20
22.4691,22
22.4754,20
22.476,20
22.4822,22
22.4885,22
22.4946,18
22.5006,16
22.5069,24
22.5133,20
22.5196,10
22.5202,12
22.5267,18
22.5329,2
22.5392,16
22.5455,30
22.5462,30
22.5523,10
22.5592,16
22.5654,12
22.566,32
22.573,10
22.5792,18
22.5855,14
22.5862,26
22.593,10
22.5992,18
22.6059,8
22.6066,32
22.6134,12
22.6141,12
22.6206,12
22.6273,28
22.634,6
22.6349,6
22.6417,10
22.6424,10
22.6491,28
22.6562,14
22.6631,10
22.6702,30
22.6777,14
22.6784,14
22.6857,10
22.6863,10
22.6942,8
22.7019,12
22.7026,12
22.7102,30
22.7182,16
22.7264,12
22.7344,10
22.7423,12
22.7503,32
22.7591,18
22.7675,32
22.7682,32
22.7778,18
22.7785,18
22.787,8
22.7958,12
22.7964,12
22.8052,10
22.8139,6
22.8146,6
22.8233,10
22.8319,28
22.8325,8
22.8417,14
22.8424,14
22.8512,30
22.8604,16
22.8696,30
22.8702,30
22.8796,16
22.8803,16
22.8902,30
22.9,16
22.9007,16
22.9107,32
22.9208,18
22.9314,26
22.9321,26
22.9424,18
22.9529,28
22.9636,8
22.9643,8
22.9752,6
22.9856,10
22.9863,10
22.997,6
23.0076,10
23.0083,10
23.0186,8
23.0292,10
23.0397,16
23.0404,16
23.0505,30
23.061,16
23.0714,32
23.0722,32
23.0828,18
23.0938,32
23.0944,32
23.1056,14
23.1063,14
23.1172,12
23.1284,8
23.1397,6
23.1403,20
23.1516,28
23.1523,28
23.163,14
23.1742,28
23.1855,10
23.1862,10
23.1976,8
23.1983,8
23.2098,12
23.2104,12
23.2223,16
23.2338,32
23.2345,32
23.2462,12
23.2581,10
23.2699,14
23.2705,14
23.2819,18
23.2826,18
23.2944,28
23.3066,8
23.3189,6
23.331,10
23.3435,14
23.3441,14
23.3565,8
23.3688,12
23.381,8
23.3933,30
23.394,30
23.4063,16
23.4189,4
23.4316,14
23.4323,26
23.4453,18
23.446,18
23.4587,6
23.4717,8
23.4724,8
23.485,20
23.4979,6
23.5107,10
23.5237,14
23.5244,14
23.5367,30
23.5499,12
23.5625,8
23.5758,32
23.5764,32
23.5895,12
23.6024,4
23.6151,26
23.6288,8
23.6425,6
23.6565,28
23.6708,10
23.6854,14
23.7002,8
23.7009,8
23.7151,30
23.7295,12
23.7301,12
23.7448,16
23.7596,4
23.7603,4
23.7745,14
23.7889,18
23.8038,6
23.8047,6
23.8189,28
23.8348,10
23.8505,10
23.8657,16
23.8663,16
23.8814,2
23.8821,2
23.8976,30
23.8983,30
23.9139,12
23.9146,12
23.9308,18
23.9482,18
23.9639,6
23.9796,28
23.9959,10
24.0128,10
24.0135,10
24.0296,14
24.046,8
24.0627,2
24.0795,26
24.0801,26
24.0974,26
24.098,26
24.1145,14
24.1314,18
24.1321,18
24.1487,18
24.1653,6
24.166,6
24.1827,8
24.1996,30
24.2173,10
24.218,10
24.2357,12
24.2536,12
24.2709,18
24.2717,18
24.2895,18
24.2901,18
24.3073,6
24.308,6
24.3257,6
24.3432,28
24.3439,6
24.3623,30
24.3811,30
24.3996,30
24.4004,30
24.4186,12
24.437,12
24.4552,14
24.4737,18
24.4743,18
24.4927,20
24.5112,14
24.5295,8
24.5302,8
24.55,2
24.5509,2
24.5694,2
24.57,2
24.5882,2
24.6065,2
24.6247,2
24.6428,2
24.6608,2
24.6635,2
24.6822,22
24.7011,22
24.7017,22
24.7198,22
24.7205,22
24.7387,22
24.7568,22
24.7749,22
24.7929,22
24.811,22
24.829,22
24.847,22
24.8651,22
24.8831,22
24.9013,22
24.9195,22
24.9201,22
24.9384,24
24.9573,22
24.958,24
24.9761,22
24.9944,24
25.0128,22
25.031,24
25.0491,18
25.0498,18
25.0681,24
25.0864,24
25.1049,24
25.1231,24
25.1238,26
25.142,24
25.1602,24
25.1781,24
25.196,18
25.2143,24
25.2326,18
25.251,20
25.2694,24
25.2701,20
25.2882,24
25.3065,26
25.3255,20
25.3262,20
25.3445,26
25.3629,20
25.3813,20
25.3819,20
25.4001,20
25.4186,20
25.437,22
25.4555,20
25.4562,22
25.4743,22
25.4924,22
25.5105,20
25.5288,22
25.5472,22
25.5479,22
25.566,22
25.5841,22
25.6021,22
25.6202,22
25.6385,22
25.6565,22
25.6747,22
25.6926,22
25.7104,22
25.7282,22
25.746,22
25.7636,22
25.7643,22
25.7819,22
25.7996,22
25.8002,22
25.8179,22
25.8354,22
25.8362,22
25.8545,22
25.8722,22
25.8897,22
25.8904,22
25.9081,22
25.9257,22
25.9264,22
25.9448,22
25.9638,22
25.9645,22
25.9819,22
25.9992,22
25.9999,22
26.0173,22
26.018,22
26.0352,22
26.0358,18
26.0532,22
26.0539,22
26.0713,22
26.0723,22
26.0914,24
26.1089,22
26.1263,24
26.1269,24
26.1447,22
26.162,22
26.1627,22
26.1799,22
26.1806,22
26.1979,22
26.1986,22
26.2157,22
26.2347,22
26.252,24
26.2527,24
26.2718,22
26.2726,24
26.2898,22
26.2906,22
26.308,24
26.3256,22
26.3262,22
26.3437,24
26.3443,24
26.3617,22
26.3623,22
26.3796,24
26.3803,24
26.3975,22
26.3982,18
26.4156,22
26.4163,22
26.4336,24
26.4342,24
26.4516,22
26.4523,22
26.4697,24
26.4704,24
26.4879,22
26.4886,22
26.506,24
26.5234,22
26.5241,24
26.5415,18
26.5422,18
26.5597,24
26.5603,24
26.5777,22
26.5784,22
26.5957,24
26.5964,24
26.6137,22
26.6143,22
26.6317,24
26.6323,24
26.6495,22
26.6503,24
26.6676,12
26.6683,12
26.6857,36
26.6864,36
26.7039,16
26.7046,16
26.7222,12
26.74,22
26.7407,18
26.7584,12
26.776,24
26.7933,12
26.794,12
26.8113,2
26.8119,2
26.8294,10
26.83,10
26.847,34
26.8638,16
26.8645,16
26.8817,12
26.8824,12
26.8994,22
26.9002,22
26.9166,16
26.9332,2
26.9496,16
26.9502,16
26.9666,8
26.9829,14
26.999,14
27.015,2
27.0317,12
27.0324,12
27.0479,12
27.0485,36
27.0646,18
27.0803,10
27.0963,2
27.1117,14
27.1123,14
27.1281,8
27.1437,14
27.1443,14
27.1601,14
27.1745,2
27.1896,12
27.1902,12
27.2048,10
27.2196,22
27.2203,22
27.2347,14
27.2489,12
27.2647,18
27.2791,16
27.2948,2
27.3109,10
27.3252,10
27.3259,10
27.3415,26
27.3422,26
27.3566,14
27.3724,30
27.3864,18
27.4006,10
27.4148,30
27.4291,18
27.4435,12
27.4442,12
27.4585,2
27.4747,16
27.4896,8
27.4903,8
27.506,16
27.5216,14
27.5223,14
27.538,2
27.5536,12
27.5543,12
27.5696,12
27.5703,12
27.5852,22
27.5858,22
27.6008,16
27.6159,26
27.6311,14
27.6317,14
27.647,8
27.6477,8
27.6631,26
27.6785,12
27.694,30
27.6946,30
27.71,16
27.7107,16
27.7261,16
27.7268,16
27.7419,2
27.7425,2
27.7574,14
27.7724,12
27.7873,24
27.8025,16
27.818,28
27.8186,2
27.8345,10
27.8498,10
27.8505,10
27.8655,20
27.8662,20
27.8804,14
27.8946,30
27.9097,18
27.9103,18
27.9255,10
27.9411,2
27.9572,14
27.9725,8
27.9731,8
27.9872,24
28.002,12
28.0026,12
28.0174,28
28.0327,16
28.0479,14
28.0486,14
28.0634,2
28.078,14
28.0787,14
28.0934,12
28.1081,22
28.1087,22
28.1236,16
28.1384,32
28.1391,32
28.1536,14
28.1684,14
28.1691,14
28.1836,2
28.1982,12
28.1988,12
28.2133,10
28.2276,28
28.242,14
28.2426,14
28.2573,30
28.2728,12
28.2887,12
28.3039,2
28.3047,2
28.3194,16
28.3341,8
28.3347,8
28.3495,26
28.364,12
28.3647,12
28.3793,30
28.3939,16
28.3946,16
28.409,10
28.4229,2
28.4364,18
28.437,18
28.451,12
28.4649,2
28.479,16
28.4929,12
28.5069,2
28.521,10
28.5349,10
28.5484,2
28.5622,12
28.5628,12
28.5764,12
28.577,12
28.5902,28
28.5909,28
28.6041,16
28.6049,16
28.6181,12
28.6189,12
28.632,30
28.6327,30
28.6459,16
28.6466,16
28.6612,26
28.6749,26
28.6879,26
28.6888,26
28.7016,26
28.7144,26
28.715,26
28.7276,26
28.7401,26
28.7407,26
28.7529,26
28.7652,26
28.7678,12
28.7808,16
28.7936,26
28.7942,26
28.807,18
28.8194,24
28.8319,20
28.8326,22
28.8452,20
28.8578,24
28.8585,24
28.8702,22
28.8821,20
28.8827,20
28.8948,24
28.9068,22
28.9187,20
28.9307,24
28.9427,22
28.9544,20
28.9666,18
28.9787,22
28.99,26
28.9907,26
29.0015,24
29.0022,24
29.013,20
29.0137,22
29.0245,20
29.0352,24
29.0358,24
29.0467,20
29.0578,24
29.0674,22
29.0681,22
29.078,24
29.0877,22
29.0887,22
29.0981,26
29.1079,22
29.1176,20
29.1183,20
29.1282,24
29.1382,20
29.1481,18
29.1584,22
29.1687,18
29.1785,22
29.1885,20
29.1982,22
29.208,20
29.2177,24
29.2276,22
29.2283,22
29.2382,24
29.248,22
29.2582,24
29.2687,22
29.2785,26
29.2884,24
29.2983,20
29.3082,18
29.3179,22
29.3279,18
29.3378,22
29.3478,20
29.3578,22
29.3677,20
29.3683,20
29.3782,24
29.3885,20
29.3982,24
29.4083,22
29.4181,24
29.428,22
29.4386,26
29.4485,18
29.4585,20
29.4683,24
29.4784,20
29.4887,18
29.4987,22
29.5089,20
29.5188,22
29.5288,20
29.539,24
29.5397,24
29.5496,20
29.5502,20
29.56,24
29.5698,22
29.5797,24
29.5804,24
29.5902,22
29.5999,26
29.6099,22
29.6198,20
29.6298,18
29.6397,20
29.6495,18
29.6502,18
29.6601,22
29.67,18
29.6802,22
29.6902,20
29.7001,22
29.7101,20
29.7199,24
29.73,20
29.7401,24
29.7501,22
29.7602,24
29.7706,22
29.7809,26
29.791,22
29.7917,22
29.8017,20
29.8119,24
29.8233,22
29.8239,22
29.8339,18
29.8441,22
29.8542,20
29.8644,22
29.8749,22
29.8848,18
29.895,22
29.8957,22
29.9061,20
29.9161,22
29.9263,20
29.9364,24
29.9466,22
29.9569,24
29.9576,24
29.9678,22
29.9782,24
29.9885,22
29.9987,26
30.0091,24
30.0097,24
30.0198,20
30.0301,24
30.0409,22
30.0516,20
30.0522,20
30.0627,24
30.0735,20
30.0741,20
30.0841,24
30.0947,22
30.1055,24
30.1062,24
30.1169,24
30.1275,22
30.1281,22
30.1392,24
30.1398,24
30.1509,22
30.162,22
30.1729,18
30.1844,22
30.185,22
30.1959,20
30.1966,20
30.2074,18
30.2175,22
30.2281,20
30.2287,20
30.2393,22
30.2499,20
30.2506,20
30.2613,24
30.2729,22
30.2836,26
30.2943,22
30.295,22
30.3058,26
30.3066,26
30.3178,24
30.3184,26
30.3294,22
30.3409,26
30.352,24
30.3527,24
30.3639,22
30.3646,22
30.376,20
30.3871,24
30.3881,24
30.4,22
30.4116,20
30.4122,20
30.4236,22
30.4243,24
30.4358,22
30.4365,22
30.4482,26
30.4598,24
30.4605,24
30.4722,22
30.4836,24
30.4843,20
30.4961,18
30.5076,22
30.5082,22
30.52,20
30.5313,24
30.5319,24
30.5433,22
30.544,22
30.555,20
30.566,24
30.5771,20
30.588,24
30.5987,22
30.6096,24
30.6102,20
30.6208,24
30.6319,22
30.6433,18
30.644,18
30.6548,22
30.6656,22
30.6663,22
30.6768,18
30.6872,22
30.6881,22
30.6989,20
30.7101,16
30.7207,10
30.7317,18
30.7324,18
30.7432,22
30.744,22
30.7547,14
30.7655,22
30.7661,8
30.7776,10
30.7783,10
30.789,8
30.7994,12
30.8,12
30.8108,8
30.8214,12
30.8222,20
30.8325,16
30.8433,20
30.844,20
30.8542,12
30.8648,20
30.8753,12
30.876,12
30.8865,22
30.897,8
30.9081,6
30.9185,10
30.9292,6
30.9299,6
30.9405,10
30.9511,8
30.9617,10
30.9623,10
30.9727,16
30.9827,18
30.9923,8
31.0019,12
31.0117,10
31.0123,10
31.0216,12
31.0222,12
31.0316,10
31.0322,10
31.0419,14
31.0425,14
31.0516,10
31.0523,10
31.0617,8
31.0624,8
31.0717,12
31.0725,12
31.0818,10
31.0824,10
31.0918,6
31.0925,6
31.1014,10
31.1021,10
31.1113,8
31.1119,8
31.1208,10
31.1297,8
31.1303,8
31.139,12
31.1475,18
31.1482,18
31.1568,16
31.1649,20
31.1735,10
31.1741,16
31.1825,12
31.1909,10
31.1993,14
31.2,14
31.2084,20
31.2168,12
31.226,22
31.2344,12
31.2427,8
31.2507,6
31.2591,14
31.2599,10
31.2679,22
31.2763,14
31.2841,10
31.2925,8
31.3005,10
31.3086,18
31.3165,16
31.3246,12
31.3324,8
31.3404,12
31.3483,20
31.3564,18
31.3641,12
31.3726,4
31.3804,18
31.3883,22
31.396,12
31.4039,8
31.4119,6
31.4125,6
31.4202,14
31.4281,22
31.4358,14
31.4365,14
31.4444,10
31.452,8
31.4599,14
31.4674,18
31.468,18
31.4755,8
31.4762,16
31.4836,12
31.4843,12
31.4917,8
31.4924,8
31.4997,16
31.5003,16
31.5079,20
31.5085,20
31.5157,4
31.5164,4
31.5239,12
31.5245,12
31.5317,4
31.5324,4
31.5402,18
31.5476,20
31.5483,20
31.5556,4
31.5564,4
31.5633,8
31.5639,8
31.5707,22
31.5776,14
31.5844,8
31.5913,22
31.5919,6
31.5988,14
31.6059,10
31.6127,8
31.6196,14
31.6267,10
31.6338,2
31.6409,16
31.6416,16
31.6485,18
31.6558,2
31.6629,12
31.6635,12
31.6704,20
31.6777,16
31.6846,12
31.692,20
31.6998,18
31.7078,14
31.7154,4
31.7161,4
31.7237,14
31.7316,22
31.7396,12
31.7477,8
31.7483,22
31.7567,6
31.765,10
31.7734,2
31.7741,2
31.7824,14
31.7909,18
31.7989,14
31.8074,10
31.808,10
31.8162,2
31.8246,12
31.8328,18
31.8413,16
31.8495,20
31.8501,20
31.8586,4
31.8669,12
31.8755,4
31.884,18
31.8847,14
31.8934,20
31.9019,12
31.9026,12
31.9112,22
31.9199,20
31.9205,20
31.9292,10
31.9383,2
31.939,2
31.9477,10
31.9561,2
31.9568,2
31.9656,10
31.9743,18
31.975,2
31.9838,16
31.9845,16
31.9933,18
32.002,16
32.0027,16
32.0115,20
32.0201,16
32.0208,16
32.0297,12
32.0386,4
32.0472,14
32.0562,4
32.0568,4
32.0657,8
32.0745,22
32.0751,22
32.084,12
32.0846,12
32.0936,16
32.1022,14
32.103,14
32.1118,16
32.1125,16
32.1213,14
32.13,10
32.1307,10
32.1396,2
32.1483,10
32.1489,10
32.1578,2
32.1585,2
32.1672,12
32.1759,18
32.1766,4
32.1853,16
32.194,20
32.1946,20
32.2035,18
32.2121,20
32.2129,20
32.2217,18
32.2302,14
32.2309,14
32.2395,6
32.248,8
32.2487,8
32.2573,6
32.2658,14
32.2664,14
32.2752,22
32.2836,14
32.2925,18
32.3012,8
32.3102,10
32.3109,10
32.3195,2
32.3283,12
32.329,12
32.338,2
32.3388,2
32.3475,12
32.3566,20
32.3656,16
32.3747,20
32.3836,18
32.3926,14
32.4013,4
32.4103,8
32.411,8
32.4197,6
32.4286,8
32.4375,16
32.4464,14
32.4472,14
32.4562,18
32.4569,18
32.4656,14
32.4744,18
32.4751,18
32.4837,16
32.4937,18
32.4945,18
32.5063,16
32.5069,16
32.5229,4
32.5346,20
32.5499,14
32.5506,14
32.5627,4
32.5748,22
32.5847,12
32.5949,16
32.6063,14
32.607,14
32.6194,2
32.631,10
32.6437,2
32.6556,18
32.6686,16
32.6802,4
32.6808,4
32.6939,12
32.6945,12
32.7062,16
32.7069,16
32.7198,20
32.7205,2
32.7325,14
32.7451,2
32.7576,22
32.7721,20
32.7729,20
32.7855,20
32.7985,20
32.811,20
32.8235,20
32.8359,20
32.8365,20
32.8491,20
32.8615,20
32.8739,20
32.8765,20
32.8897,18
32.8904,20
32.9032,24
32.9039,24
32.9168,22
32.9297,20
32.9303,20
32.9429,26
32.9558,22
32.9565,24
32.969,22
32.9821,20
32.9949,18
33.0075,22
33.0081,22
33.0205,20
33.0335,20
33.0341,20
33.0466,18
33.0592,22
33.0598,22
33.0727,20
33.0851,24
33.0857,24
33.0981,24
33.0988,24
33.1113,20
33.1239,26
33.1245,26
33.1372,24
33.1497,22
33.1503,22
33.1632,22
33.1756,18
33.1763,18
33.1892,24
33.2018,20
33.2025,20
33.2152,20
33.228,18
33.2287,18
33.2413,22
33.2539,22
33.2547,22
33.2671,24
33.2799,24
33.2806,24
33.2927,22
33.3053,20
33.3179,24
33.3186,24
33.3313,22
33.344,22
33.3446,22
33.3571,18
33.37,18
33.3706,18
33.3829,22
33.3955,20
33.4085,24
33.4202,22
33.4208,22
33.4337,20
33.4344,22
33.4473,24
33.4599,24
33.4606,24
33.473,22
33.4854,20
33.4981,18
33.4987,18
33.5115,22
33.5242,20
33.525,22
33.5375,20
33.5502,18
33.5509,18
33.5642,22
33.5649,22
33.5777,20
33.5784,20
33.5908,20
33.6031,24
33.6153,20
33.6276,20
33.6282,20
33.64,22
33.6407,24
33.6526,22
33.6645,26
33.6761,18
33.6767,18
33.689,22
33.7009,20
33.7128,18
33.7249,22
33.7369,20
33.7477,24
33.7593,22
33.76,22
33.7716,20
33.7724,20
33.7836,24
33.7843,24
33.7955,20
33.7961,20
33.8073,26
33.808,26
33.8187,24
33.8296,20
33.8303,20
33.8463,26
33.8572,18
33.867,20
33.877,24
33.888,22
33.8888,22
33.8985,20
33.9085,24
33.9185,20
33.9284,24
33.9385,22
33.9485,24
33.9585,22
33.9684,26
33.9786,22
33.9888,20
33.9895,20
33.9995,24
34.0002,24
34.0102,22
34.02,18
34.0301,22
34.0402,24
34.0501,22
34.0602,20
34.0693,24
34.07,24
34.0801,20
34.0894,24
34.0901,24
34.1,22
34.1094,24
34.1101,24
34.1191,22
34.1198,22
34.1289,26
34.1296,26
34.1391,22
34.1397,22
34.1486,24
34.1579,22
34.1672,24
34.1678,24
34.1771,22
34.1778,22
34.1871,26
34.1881,26
34.1974,24
34.198,24
34.2073,20
34.2079,20
34.2172,18
34.2179,18
34.227,22
34.2278,22
34.2368,18
34.2375,18
34.247,22
34.2476,22
34.2569,20
34.2576,20
34.2671,22
34.2763,20
34.2849,24
34.2938,24
34.2945,24
34.3029,22
34.3117,26
34.3123,26
34.321,24
34.3299,24
34.3306,20
34.3394,22
34.348,20
34.3487,20
34.3572,22
34.3658,20
34.3665,20
34.3752,22
34.3836,20
34.3845,20
34.393,22
34.4014,20
34.4099,22
34.4106,22
34.4189,20
34.4274,22
34.4357,24
34.4364,20
34.4448,22
34.453,24
34.4613,22
34.4694,24
34.4701,24
34.4785,22
34.4867,24
34.4952,20
34.4959,20
34.504,24
34.5126,20
34.5205,22
34.5288,26
34.5367,24
34.5448,18
34.5526,22
34.5607,18
34.5683,22
34.5761,22
34.5833,20
34.5839,20
34.5914,22
34.592,24
34.5993,20
34.6,20
34.6074,22
34.6081,22
34.6151,24
34.6157,24
34.6232,22
34.6238,22
34.6308,24
34.638,20
34.6451,22
34.6458,22
34.6529,26
34.66,22
34.6671,24
34.6678,24
34.6749,20
34.6818,22
34.6893,20
34.6899,20
34.6966,22
34.7035,18
34.7041,18
34.711,20
34.7118,20
34.7187,24
34.7258,20
34.7328,22
34.7402,18
34.7472,20
34.7479,20
34.7551,24
34.7558,24
34.7628,20
34.7697,22
34.7769,24
34.7838,22
34.7909,24
34.7978,24
34.8045,22
34.8118,24
34.8187,22
34.8258,22
34.8325,24
34.8398,22
34.8467,24
34.8536,20
34.8543,20
34.8612,16
34.8619,16
34.8684,12
34.8756,10
34.8762,10
34.8832,12
34.8903,56
34.8909,56
34.8975,16
34.904,18
34.9048,14
34.9115,16
34.9123,16
34.919,12
34.9259,32
34.9265,32
34.9332,62
34.9402,20
34.9409,20
34.947,16
34.9538,12
34.9546,12
34.9607,8
34.9666,34
34.973,64
34.9791,20
34.9851,10
34.9911,12
34.9973,14
35.0032,10
35.0097,34
35.0104,66
35.0165,20
35.023,16
35.0292,12
35.0356,16
35.0363,16
35.0428,12
35.0492,30
35.056,22
35.0567,22
35.0631,18
35.0692,14
35.0757,12
35.0764,12
35.0827,6
35.0892,32
35.0899,32
35.0963,18
35.1026,20
35.1092,16
35.1098,16
35.1164,12
35.1231,8
35.1237,8
35.1302,34
35.1369,20
35.1439,14
35.1506,10
35.1573,14
35.1579,14
35.1645,10
35.1713,34
35.172,66
35.1789,20
35.186,16
35.1933,14
35.194,14
35.2011,16
35.2017,12
35.2086,30
35.2159,66
35.2235,18
35.2241,18
35.2314,14
35.232,16
35.2394,10
35.24,10
35.2473,32
35.248,32
35.2556,68
35.2562,68
35.2638,20
35.2715,14
35.2722,16
35.2799,12
35.2874,32
35.2882,32
35.2961,64
35.3037,14
35.3118,10
35.3195,14
35.3201,14
35.3282,28
35.3359,66
35.3441,16
35.3518,12
35.3597,16
35.3604,16
35.368,30
35.376,66
35.384,18
35.3919,14
35.3997,10
35.408,32
35.4161,62
35.4244,18
35.4326,14
35.4408,12
35.449,32
35.4575,12
35.4582,18
35.4671,14
35.4677,14
35.4764,12
35.485,10
35.4857,10
35.4945,6
35.5028,20
35.5116,12
35.5123,12
35.5207,14
35.5295,30
35.5301,30
35.5389,22
35.548,18
35.5574,14
35.558,14
35.5671,12
35.5678,12
35.5772,16
35.5779,16
35.587,18
35.5879,18
35.5969,16
35.6064,14
35.6155,10
35.6249,14
35.634,16
35.6347,12
35.6436,14
35.653,34
35.6625,20
35.6723,12
35.6729,12
35.6824,14
35.6831,14
35.6924,36
35.7023,20
35.7029,20
35.7127,12
35.7227,10
35.7324,30
35.7331,30
35.7429,22
35.753,14
35.7633,12
35.7734,32
35.784,24
35.7846,24
35.795,16
35.806,8
35.8066,8
35.817,6
35.8275,16
35.8282,16
35.8389,12
35.8494,10
35.85,10
35.8608,8
35.8713,12
35.8721,12
35.8826,16
35.8931,36
35.9042,22
35.9154,14
35.9161,14
35.927,12
35.938,10
35.9388,10
35.9497,14
35.9503,14
35.9615,12
35.9622,12
35.9732,34
35.9849,20
35.9965,10
36.0081,10
36.0191,2
36.0302,16
36.0414,14
36.042,14
36.0531,36
36.065,22
36.0765,14
36.0883,12
36.0999,4
36.1006,4
36.1125,14
36.1242,12
36.1357,32
36.1364,32
36.1481,14
36.16,12
36.1718,10
36.1725,10
36.1841,20
36.196,12
36.208,16
36.2201,8
36.2327,18
36.2452,10
36.2459,10
36.2583,32
36.2717,12
36.2725,12
36.2851,12
36.2981,32
36.3117,14
36.3124,14
36.3255,14
36.3262,14
36.339,2
36.3521,16
36.3652,14
36.3784,36
36.3922,18
36.4058,10
36.4065,10
36.4198,4
36.4205,4
36.4338,12
36.4345,12
36.4481,12
36.4613,2
36.4621,2
36.4754,16
36.4761,16
36.4897,14
36.4903,8
36.5037,2
36.5044,2
36.5178,12
36.5185,12
36.5319,10
36.5326,10
36.5461,20
36.5598,12
36.5604,12
36.5739,12
36.5746,12
36.5882,22
36.5889,22
36.6022,16
36.616,14
36.6296,24
36.6302,24
36.6441,12
36.658,34
36.6719,16
36.6726,16
36.6866,14
36.7009,34
36.716,16
36.7167,16
36.7317,16
36.7324,12
36.7472,22
36.7625,16
36.7777,32
36.7783,32
36.7954,14
36.796,14
36.812,12
36.8284,24
36.8465,12
36.8631,2
36.8812,12
36.8821,12
36.9003,12
36.9176,12
36.9182,12
36.9363,12
36.954,12
36.972,12
36.9726,12
36.9904,12
36.9929,12
37.0119,18
37.0126,18
37.0305,18
37.048,24
37.0487,24
37.0664,18
37.0841,24
37.0848,20
37.1028,24
37.1206,24
37.1385,24
37.1392,24
37.1565,24
37.1741,24
37.1748,20
37.1926,18
37.2109,20
37.229,18
37.2471,24
37.2649,24
37.2829,24
37.3007,20
37.3188,24
37.3368,24
37.355,18
37.3729,18
37.3908,24
37.409,18
37.4268,20
37.4433,24
37.4601,24
37.4608,24
37.4773,24
37.478,24
37.4962,18
37.5134,18
37.514,18
37.5305,22
37.5469,22
37.5632,22
37.5639,22
37.5817,22
37.5824,22
37.6,22
37.6178,22
37.6185,22
37.6358,16
37.6366,16
37.6552,22
37.6559,22
37.6741,24
37.6921,22
37.7099,24
37.7272,22
37.728,22
37.7458,22
37.7464,22
37.7637,22
37.7644,24
37.7819,22
37.7995,24
37.8002,24
37.8178,22
37.8185,22
37.8359,18
37.8536,22
37.8543,22
37.8721,22
37.8899,22
37.8906,24
37.9081,22
37.9258,24
37.9264,24
37.9439,22
37.9619,24
37.9627,24
37.9799,22
37.9968,18
38.0141,22
38.0314,22
38.032,22
38.0488,22
38.066,20
38.0828,22
38.1006,20
38.1185,22
38.1355,20
38.1362,20
38.1534,20
38.154,20
38.1702,26
38.1874,20
38.1881,20
38.2056,20
38.2063,20
38.2238,20
38.2245,20
38.2417,20
38.2424,20
38.2597,20
38.2603,20
38.2775,20
38.2781,20
38.2952,20
38.2959,20
38.3134,20
38.314,20
38.3307,20
38.3476,24
38.3482,20
38.3655,20
38.3661,20
38.3832,18
38.384,20
38.4014,20
38.4021,20
38.4195,20
38.4201,20
38.436,20
38.4518,24
38.4669,22
38.4676,22
38.4827,22
38.4983,22
38.5135,20
38.5141,20
38.5287,26
38.5435,18
38.5442,18
38.5586,24
38.5736,22
38.5742,22
38.5892,22
38.6038,20
38.6045,20
38.6188,20
38.633,24
38.6474,24
38.648,24
38.6622,22
38.6769,22
38.6914,20
38.692,20
38.7057,18
38.7063,26
38.7206,22
38.735,22
38.749,22
38.7633,20
38.764,20
38.7778,20
38.7785,20
38.7922,24
38.8061,22
38.8197,20
38.8203,20
38.8338,20
38.8475,24
38.8481,24
38.8614,22
38.8621,24
38.8756,20
38.8762,20
38.8896,20
38.8902,20
38.9032,20
38.9039,20
38.9165,22
38.9293,22
38.9299,22
38.9426,20
38.9558,18
38.9566,18
38.9694,22
38.9821,20
38.9827,16
38.9951,20
39.0072,10
39.0199,16
39.0206,16
39.033,4
39.0454,12
39.0577,4
39.0583,12
39.07,8
39.0707,8
39.0827,12
39.0948,6
39.1069,8
39.1187,14
39.1307,10
39.1426,14
39.1545,8
39.1666,10
39.1788,8
39.1906,12
39.2022,10
39.2029,10
39.2139,14
39.2145,10
39.226,12
39.2267,12
39.2373,4
39.2481,14
39.2488,14
39.2595,6
39.2702,10
39.2708,10
39.2813,14
39.2919,10
39.2925,10
39.3027,14
39.3134,12
39.3237,14
39.3244,14
39.3344,12
39.3442,16
39.3449,16
39.3548,12
39.3643,16
39.365,16
39.3744,14
39.3834,16
39.3925,14
39.4016,12
39.4107,8
39.4198,4
39.4205,4
39.4296,8
39.4388,2
39.448,8
39.4487,8
39.4577,2
39.4584,2
39.4671,10
39.4756,12
39.4763,2
39.4849,14
39.4937,12
39.4944,12
39.5028,14
39.5115,12
39.52,2
39.5207,2
39.5294,12
39.5382,4
39.5389,4
39.5477,12
39.5484,12
39.5574,2
39.5661,18
39.5668,12
39.5758,14
39.5765,14
39.585,18
39.5937,10
39.5944,10
39.6029,12
39.6117,8
39.6123,10
39.6206,2
39.629,10
39.6374,2
39.6457,14
39.6463,14
39.657,12
39.6675,10
39.676,12
39.6767,12
39.6871,16
39.6977,2
39.6984,2
39.709,12
39.7097,12
39.7201,2
39.731,12
39.7316,12
39.7419,2
39.7525,14
39.7633,18
39.764,18
39.7745,10
39.7851,14
39.7857,14
39.7962,10
39.8068,14
39.8173,12
39.818,12
39.8285,10
39.8393,2
39.84,2
39.8502,10
39.8608,2
39.8717,12
39.8724,12
39.8829,2
39.8932,12
39.8939,14
39.9042,18
39.9145,14
39.925,18
39.935,10
39.9451,12
39.9554,10
39.9652,14
39.9752,10
39.9851,14
39.9951,12
40.0053,14
40.0151,12
40.0251,16
40.0348,12
40.0446,2
40.054,12
40.0548,12
40.0645,2
40.0744,12
40.0856,18
40.0862,18
40.0963,10
40.1062,12
40.1172,10
40.1273,14
40.1368,10
40.1479,14
40.1485,14
40.1578,12
40.1584,12
40.1676,14
40.1683,14
40.1772,12
40.1872,16
40.1963,12
40.2067,16
40.2171,14
40.226,2
40.2267,16
40.2366,14
40.2464,18
40.2553,14
40.2641,2
40.2647,2
40.2738,8
40.2745,8
40.2842,2
40.2941,8
40.2947,8
40.3034,2
40.3042,2
40.3132,10
40.3224,2
40.3311,14
40.3402,12
40.349,14
40.358,12
40.3587,12
40.3674,16
40.3764,12
40.3859,2
40.3866,2
40.3954,12
40.3961,12
40.4057,2
40.4064,2
40.4161,12
40.4168,12
40.426,2
40.4267,2
40.4356,14
40.4363,14
40.4451,2
40.4539,8
40.4546,8
40.4636,2
40.4642,2
40.4728,10
40.4811,10
40.4894,14
40.4977,10
40.4984,12
40.5066,2
40.5152,10
40.5236,2
40.5243,2
40.5327,16
40.5414,12
40.5498,16
40.5505,16
40.5587,14
40.5669,2
40.5753,12
40.5837,2
40.5844,2
40.593,18
40.6017,14
40.6023,14
40.6111,18
40.6199,10
40.6205,10
40.6293,14
40.6385,8
40.6472,2
40.6562,10
40.6649,2
40.6741,14
40.6747,10
40.6837,12
40.6844,2
40.6934,16
40.6941,16
40.7031,12
40.7123,16
40.7216,14
40.7224,14
40.7314,16
40.7409,14
40.7502,18
40.7509,18
40.7601,14
40.7608,14
40.7699,12
40.7706,12
40.78,16
40.7806,16
40.7899,12
40.7907,12
40.7996,8
40.8002,10
40.8095,2
40.8102,14
40.8191,10
40.8273,2
40.8357,10
40.8364,10
40.8448,12
40.8529,14
40.8612,12
40.8693,2
40.8777,12
40.8783,12
40.8864,2
40.8948,16
40.9031,14
40.9115,16
40.9122,16
40.9204,12
40.9288,2
40.9372,14
40.9457,16
40.9465,2
40.9551,12
40.9639,16
40.9646,16
40.9735,14
40.9741,14
40.9831,10
